{
  "rx1": 0.30773955773955775,
  "ry1": 0.13333333333333333,
  "rx2": 0.691031941031941,
  "ry2": 0.8604166666666667
}