{"rx1": 0.2985257985257985, "ry1": 0.134375, "rx2": 0.7027027027027027, "ry2": 0.9052083333333333}